skill_id,skill_name,english_name,skill_damage,skill_element,bonus_critical_chance,skill_overheat_gain,skill_memory_cost
SK00,테스트_잔상,test_afterimage,100,Afterimage,15,20,10
SK01,테스트_각인,test_imprint,100,Imprint,10,25,15
SK02,테스트_망각,test_oblivion,100,Oblivion,15,15,20
SK03,테스트_잔상,test_afterimage_2,120,Afterimage,15,20,10
SK04,테스트_각인,test_imprint_2,120,Imprint,10,25,15
SK05,테스트_망각,test_oblivion_2,120,Oblivion,15,15,20
SK06,테스트_잔상,test_afterimage_3,150,Afterimage,15,20,10
SK07,테스트_각인,test_imprint_3,150,Imprint,10,25,15
SK08,테스트_망각,test_oblivion_3,150,Oblivion,15,15,20
